HCP_ID,MDM_ID,Acad_Comm ,Teaching hospital ,Region ,Prescriber
1023303038,91172843,Academic,No,Central,Yes
1023057429,98264380,Community,Yes,North,Yes
1023193618,99798537,Community,Yes,Central,No
1023281517,90054336,Community,Yes,West,No
1023475268,93522474,Community,No,East,No
1023856853,94048546,Community,No,South,No
1023575098,92315369,Community,No,South,Yes
1023073716,90000671,Community,Yes,East,No
1023748479,92613338,Community,Yes,East,Yes
1023266838,93723528,Academic,No,West,Yes
1023131228,91339541,Academic,No,Central,No
1023385872,96434000,Community,Yes,East,Yes
1023537504,98292281,Academic,No,West,Yes
1023264395,92779447,Community,No,South,No
1023983259,95005330,Community,No,East,No
1023156800,96698814,Academic,No,North,Yes
1023045680,94253502,Academic,No,South,No
1023669529,95028069,Academic,Yes,South,No
1023136239,98084938,Community,No,North,No
1023881017,98784293,Community,No,North,Yes
1023842167,97533392,Academic,Yes,North,Yes
1023703331,96551059,Community,No,West,No
1023916062,92988038,Community,No,West,No
1023035504,92613510,Academic,Yes,East,Yes
1023621735,96879349,Community,No,South,Yes
1023661480,95326833,Academic,Yes,East,No
1023719430,92086768,Academic,No,South,Yes
1023933336,91948340,Community,Yes,North,Yes
1023134779,98776597,Academic,No,East,Yes
1023927795,95856578,Academic,Yes,North,No
1023066943,98687270,Community,No,East,No
1023324522,98655892,Community,No,East,No
1023052720,94009401,Academic,No,East,Yes
1023231021,98642451,Academic,Yes,East,No
1023917748,96015274,Academic,Yes,North,No
1023827429,93245398,Community,No,South,Yes
1023396457,99921071,Academic,Yes,North,No
1023435371,94881790,Academic,No,West,Yes
1023602865,93596249,Community,No,Central,Yes
1023326799,93055425,Community,Yes,West,Yes
1023077846,92289464,Academic,Yes,East,Yes
1023628666,91676052,Community,No,East,Yes
1023649701,96338716,Academic,Yes,South,No
1023095327,93921923,Academic,No,East,Yes
1023230399,95764648,Community,No,East,Yes
1023931813,98538962,Academic,Yes,East,No
1023128824,99173727,Community,Yes,South,No
1023425886,99183535,Community,Yes,West,No
1023048099,96232716,Academic,Yes,North,Yes
1023442297,92414111,Community,Yes,North,Yes
1023460835,97741507,Academic,Yes,East,No
1023145357,97268554,Community,Yes,North,No
1023556884,99379339,Academic,No,North,No
1023943760,90342965,Community,No,North,Yes
1023893404,97364824,Community,No,South,No
1023377679,98963060,Community,No,West,No
1023001746,98230875,Community,Yes,West,Yes
1023885152,96678708,Academic,Yes,West,Yes
1023702334,98196310,Academic,Yes,West,Yes
1023211009,96234882,Community,No,Central,No
1023409843,90739007,Community,Yes,East,Yes
1023587111,92406700,Academic,Yes,Central,No
1023488841,94789510,Academic,Yes,Central,No
1023548084,99094293,Community,Yes,North,Yes
1023325549,99332838,Community,No,North,Yes
1023704421,93100034,Community,No,West,No
1023844613,97628175,Community,No,South,No
1023143570,91948157,Academic,Yes,Central,No
1023878716,98036744,Academic,No,Central,Yes
1023241232,94159192,Academic,No,North,No
1023478701,90799141,Academic,No,North,No
1023546329,90907469,Community,No,East,No
1023670389,96302257,Academic,Yes,South,No
1023913460,96648317,Community,Yes,North,Yes
1023192837,94992786,Community,Yes,Central,Yes
1023100277,95312953,Community,No,North,No
1023452078,97167752,Community,Yes,East,Yes
1023806467,92193282,Academic,No,North,No
1023800812,97427972,Community,No,South,No
1023371595,95701134,Community,Yes,East,Yes
1023370687,97442485,Community,Yes,North,Yes
1023265185,99191061,Academic,Yes,South,Yes
1023862772,96306977,Academic,No,South,No
1023966696,97331312,Academic,Yes,West,No
1023911462,94866644,Academic,No,West,Yes
1023092177,91915204,Community,Yes,Central,No
1023869546,99233857,Community,Yes,East,Yes
1023618132,90215108,Academic,No,North,No
1023130382,95050357,Community,Yes,South,Yes
1023101082,93836752,Academic,Yes,South,No
1023126305,97958175,Community,Yes,North,No
1023348413,97029011,Community,Yes,Central,Yes
1023660021,99312501,Academic,No,East,No
1023433797,96679118,Community,No,Central,No
1023849914,96058580,Community,Yes,West,Yes
1023372569,93851445,Community,Yes,North,No
1023134210,98150312,Community,Yes,Central,Yes
1023431603,94105931,Community,No,North,No
1023695479,97624732,Academic,No,West,No
1023477766,96740091,Community,No,North,Yes
1023852274,93272515,Academic,No,East,Yes
1023516416,94875251,Community,Yes,South,No
1023481187,96685537,Academic,Yes,Central,No
1023039547,96446534,Academic,No,Central,No
1023286833,93901308,Academic,No,East,Yes
1023881872,97461088,Community,No,South,No
1023701371,96439127,Academic,Yes,Central,No
1023435199,96269844,Academic,Yes,East,No
1023168366,98935661,Academic,Yes,South,No
1023803075,90605011,Academic,Yes,North,No
1023929708,97742984,Community,No,West,No
1023032673,90974451,Community,Yes,South,Yes
1023207861,90229772,Academic,No,East,Yes
1023098633,97555522,Community,No,Central,No
1023013377,95937198,Community,No,West,Yes
1023528054,91559516,Academic,Yes,Central,No
1023924933,97240054,Community,No,Central,No
1023209270,91676464,Community,Yes,West,Yes
1023859728,94583041,Academic,No,West,Yes
1023080256,91265159,Community,No,East,No
1023550471,98099958,Community,Yes,Central,No
1023802910,90229217,Academic,No,North,No
1023912759,90991477,Community,No,North,No
1023462213,91055720,Academic,No,South,Yes
1023507581,95354313,Academic,No,East,Yes
1023629969,94727334,Academic,Yes,East,No
1023450477,93282155,Community,No,South,No
1023926034,91680907,Academic,No,North,No
1023574806,94858030,Academic,Yes,North,No
1023483364,97153015,Community,Yes,East,No
1023065050,91636788,Academic,No,West,Yes
1023508117,92461958,Community,No,East,No
1023395519,94519521,Academic,Yes,South,No
1023839663,91944728,Academic,No,East,No
1023092900,98407018,Academic,Yes,North,No
1023897066,98959932,Community,Yes,East,Yes
1023956177,92275319,Academic,No,South,Yes
1023441323,99907866,Academic,Yes,North,Yes
1023823766,99421221,Academic,No,Central,Yes
1023601198,93968151,Academic,Yes,South,Yes
1023055155,91520187,Academic,Yes,North,No
1023706870,98436994,Academic,Yes,South,Yes
1023232661,91110352,Academic,Yes,North,No
1023591612,94720564,Community,Yes,Central,No
1023321807,94495686,Community,No,West,Yes
1023570850,99846087,Academic,Yes,North,No
1023050956,98838137,Academic,Yes,Central,Yes
1023253253,98538302,Academic,No,South,Yes
1023492519,94649442,Community,No,South,Yes
1023968140,95735017,Community,No,North,No
1023744845,92039196,Community,No,East,Yes
1023081525,92284881,Community,Yes,West,No
1023910789,99448261,Community,Yes,Central,No
1023685821,94552839,Community,No,North,No
1023572728,92672584,Community,Yes,North,No
1023696333,93954640,Community,Yes,South,No
1023602722,91298342,Community,Yes,East,Yes
1023256351,98706683,Community,Yes,West,Yes
1023513894,91027993,Community,No,East,No
1023424553,96774534,Community,Yes,East,Yes
1023918567,91294512,Academic,Yes,North,No
1023172697,92282915,Community,Yes,South,No
1023834651,92779936,Community,Yes,North,No
1023675216,91304762,Academic,No,East,Yes
1023768090,99077314,Academic,No,Central,Yes
1023351624,92044962,Academic,Yes,West,Yes
1023021174,96535198,Community,No,West,No
1023521880,93529566,Community,Yes,North,Yes
1023430144,91127996,Academic,Yes,East,No
1023085116,98898241,Community,No,West,No
1023327023,96447426,Community,No,Central,Yes
1023800261,90132456,Academic,No,South,No
1023049608,97898373,Academic,No,East,No
1023467722,96787311,Academic,No,North,Yes
1023964438,99872175,Community,No,North,No
1023678449,97102805,Academic,No,Central,No
1023204871,93499963,Community,Yes,East,Yes
1023257708,99946196,Community,No,East,No
1023018041,93572290,Academic,No,South,Yes
1023068628,90089030,Academic,No,South,Yes
1023089414,97006842,Academic,No,North,Yes
1023667621,93469693,Academic,Yes,Central,Yes
1023254144,95183992,Community,No,North,Yes
1023839567,91259266,Academic,Yes,North,Yes
1023178665,94785339,Academic,Yes,South,Yes
1023065147,99616752,Academic,Yes,North,Yes
1023514401,92556038,Community,No,South,Yes
1023346488,94285052,Academic,Yes,South,No
1023123975,92363110,Community,No,North,Yes
1023845948,93638620,Academic,No,South,No
1023246908,92157517,Academic,Yes,Central,No
1023607137,98259111,Academic,Yes,North,Yes
1023497131,94257826,Community,No,East,Yes
1023527345,96340574,Academic,Yes,East,Yes
1023369439,96380531,Community,No,Central,Yes
1023970208,97195366,Community,No,South,Yes
1023477574,90330265,Academic,Yes,Central,No
1023402686,93669238,Academic,No,West,No
1023823519,96728983,Community,Yes,South,Yes
1023912147,95939831,Community,Yes,North,No
1038729530,93203672,Academic,No,West,No
1080525257,95343188,Academic,Yes,North,No
1122947025,94552190,Community,No,West,Yes
1132412600,96602081,Community,No,South,Yes
1161888557,99205369,Academic,No,Central,No
1266853585,95153961,Academic,Yes,East,No
1288340429,91832620,Academic,Yes,West,Yes
1296585738,95131129,Academic,No,East,No
1356689139,98035498,Community,Yes,West,Yes
1366248058,95138846,Academic,No,Central,No
1403238652,91663512,Community,No,Central,No
1499551991,93344478,Community,No,Central,No
1526565306,92130646,Academic,No,East,Yes
1528679151,97636941,Academic,No,Central,No
1554967019,98798769,Academic,Yes,East,No
1635285190,98588766,Academic,Yes,East,No
1713635266,95404399,Community,Yes,North,No
1729475540,98422727,Academic,Yes,West,Yes
1774664030,91758835,Academic,Yes,Central,No
1854171258,93973312,Community,No,South,No
1865116046,96831237,Community,No,West,No
1868936837,97826141,Academic,No,South,No
1869373520,93229794,Community,No,Central,Yes
1869978423,97927353,Academic,No,South,Yes
1885260102,93045671,Community,No,North,No
1927980309,91837470,Academic,No,West,Yes
1931337008,90323676,Academic,No,South,Yes
2146949287,91519165,Community,Yes,North,Yes
2181286464,95299488,Academic,No,West,Yes
2203424638,94496848,Academic,No,West,No
2246608444,95445164,Academic,No,Central,No
2315677253,94828436,Community,No,South,No
2354952557,98017927,Academic,Yes,East,No
2484667068,94199669,Academic,Yes,West,Yes
2492175370,92419855,Community,No,North,Yes
2508571089,94997633,Community,Yes,South,Yes
2521960405,97324211,Academic,No,North,Yes
2575569952,91460664,Community,Yes,Central,Yes
2673960233,90867703,Community,Yes,East,Yes
2677377056,96421056,Academic,No,South,No
2743848019,96527848,Academic,Yes,East,No
2830708161,99858544,Community,No,Central,No
2831982727,95488647,Academic,No,North,No
2860233987,94052846,Academic,No,Central,Yes
2868584720,93160228,Academic,Yes,Central,No
2940545267,97032683,Academic,Yes,Central,No
2997781080,96567726,Community,Yes,North,Yes
2998224302,93520088,Academic,No,North,No
3099937404,95331982,Community,No,Central,No
3110283320,96499520,Community,No,East,Yes
3117662948,92805477,Academic,Yes,South,Yes
3180970780,91325218,Community,Yes,South,No
3269814539,92149801,Academic,No,North,No
3299439261,99734231,Academic,No,South,No
3308048871,96934962,Community,Yes,West,No
3349337558,90862906,Academic,No,South,Yes
3378215825,98914135,Academic,Yes,North,No
3446885727,98263180,Academic,No,East,Yes
3500870110,92898623,Academic,Yes,West,Yes
3506858468,92522256,Academic,Yes,East,No
3533862850,99781239,Community,Yes,Central,Yes
3721206695,91312184,Community,Yes,West,Yes
3774804755,99709712,Community,No,East,No
3776748123,90210098,Academic,No,West,Yes
3795124275,90651970,Academic,No,West,No
3859219060,95354836,Academic,No,North,No
3869215138,99282745,Academic,No,Central,Yes
3915969263,94321224,Community,No,Central,No
4058361421,90582157,Community,Yes,Central,Yes
4176434916,91644590,Academic,No,South,Yes
4236878378,93550975,Community,No,North,Yes
4319918178,98870702,Academic,No,North,No
4339901353,91864873,Community,Yes,Central,Yes
4342719861,94455701,Community,Yes,West,Yes
4503435621,97494266,Community,Yes,South,Yes
4588807827,94706426,Academic,No,Central,Yes
4609552732,90322012,Academic,Yes,South,No
4655846255,90032437,Community,Yes,East,Yes
4710530846,96616488,Community,Yes,West,No
4726926855,92881631,Academic,No,South,Yes
4773664011,91880151,Community,No,West,Yes
4795459064,97645795,Community,No,North,Yes
4884535097,93262744,Academic,Yes,East,Yes
4905071642,99759838,Community,No,North,Yes
5036066847,90110460,Academic,Yes,Central,No
5138584889,90554432,Academic,Yes,West,No
5255447790,94952994,Academic,No,South,Yes
5280550031,91996483,Academic,No,East,Yes
5329825447,96737345,Community,Yes,Central,No
5331639558,99428810,Academic,No,South,Yes
5370194732,96043297,Community,No,West,No
5379732100,95321111,Community,No,East,No
5476893948,99280623,Community,Yes,Central,Yes
5512466649,96725038,Academic,Yes,Central,Yes
5535951467,91230940,Academic,Yes,North,No
5548480983,93477980,Community,No,South,Yes
5568349765,98286250,Academic,Yes,West,Yes
5577690919,90782689,Community,No,West,No
5633619942,90109053,Academic,No,South,No
5660714765,99933647,Academic,No,East,No
5716702504,92493442,Academic,No,West,No
5749437808,97789342,Academic,Yes,South,No
5750721579,97382372,Academic,No,West,Yes
5837785079,94107211,Academic,Yes,East,No
5842507761,98952976,Academic,Yes,East,Yes
5887468356,91289118,Academic,No,North,No
5892628028,93059602,Academic,Yes,East,Yes
5932598907,99941769,Academic,Yes,South,No
6005417865,92629286,Academic,No,West,No
6040463768,91955806,Academic,No,East,No
6072886365,90750452,Academic,Yes,West,Yes
6085551807,98498421,Academic,Yes,North,Yes
6099008121,91879910,Academic,No,North,No
6196169932,93878482,Community,No,East,Yes
6225760359,92927021,Community,No,North,Yes
6323263308,93098457,Community,No,North,No
6483825034,93323255,Community,Yes,South,No
6483968585,94706416,Academic,Yes,West,No
6612217676,91003846,Community,Yes,East,No
6614939981,96886891,Academic,Yes,West,No
6621138064,92686808,Academic,Yes,West,No
6625117561,96428123,Academic,No,East,No
6629719264,91991962,Academic,No,Central,No
6646102477,95993524,Academic,No,South,No
6668259943,93693880,Academic,Yes,South,Yes
6690141450,97844348,Academic,No,Central,Yes
6764765934,90893666,Academic,Yes,East,No
6796257084,92373489,Academic,No,East,Yes
6859458141,90882538,Academic,No,West,Yes
6887214567,97502500,Academic,Yes,Central,Yes
6918198416,98163215,Community,No,Central,No
6945499588,91435853,Academic,Yes,West,Yes
7066119738,96246520,Academic,No,Central,No
7127370788,94674952,Academic,No,West,Yes
7131662932,90064694,Academic,No,Central,Yes
7194090223,99990013,Community,No,North,Yes
7206366873,97132613,Community,No,West,No
7345036486,98425462,Academic,No,West,Yes
7374009394,96007379,Community,Yes,North,No
7530822577,91112557,Community,No,East,No
7627691707,91421964,Community,No,West,No
7667775287,90478962,Community,Yes,South,No
7715652088,95489612,Community,No,North,Yes
7748895286,91271155,Community,Yes,Central,No
7841119191,96092359,Community,Yes,Central,No
7871774467,95447128,Community,No,East,No
7904043727,90883214,Academic,No,North,No
7941121198,96297089,Academic,No,North,Yes
7945825991,92166697,Community,Yes,North,No
7946952579,97224610,Community,No,South,Yes
7982813904,93597124,Community,No,East,Yes
7984159875,90886036,Community,Yes,South,No
8111766142,90905863,Academic,Yes,Central,No
8176572748,94301926,Academic,Yes,West,No
8191810934,95659542,Academic,No,South,No
8209229820,91041277,Academic,Yes,Central,No
8220821395,97451205,Academic,Yes,West,No
8259694406,98785315,Community,No,East,No
8266575775,95349239,Community,Yes,West,Yes
8300404519,92422188,Community,No,North,No
8456199581,94103736,Community,Yes,South,Yes
8467713523,92531392,Academic,Yes,South,No
8495814898,92889264,Academic,No,East,No
8505602171,94934774,Academic,Yes,East,Yes
8560500866,97558827,Academic,No,East,No
8571160942,97721094,Community,No,East,No
8655415726,93113651,Community,Yes,West,Yes
8763781056,99458133,Community,Yes,North,No
8769197961,95413217,Academic,Yes,West,Yes
8798663353,98356761,Academic,Yes,Central,No
8806527450,96296963,Community,No,North,Yes
8808427429,96676738,Academic,Yes,West,No
8837045247,97825963,Community,No,Central,Yes
8874118303,91574473,Community,No,West,No
8896134437,92703081,Academic,No,East,No
8965021136,98167566,Community,No,North,Yes
8969785328,97717444,Community,Yes,West,No
8981232091,94085889,Community,Yes,South,Yes
9109334763,97040343,Community,Yes,Central,Yes
9119731964,92657764,Community,No,Central,Yes
9134370086,94959291,Community,Yes,East,No
9203788123,93049470,Academic,No,Central,Yes
9226506905,96964693,Academic,Yes,South,No
9254470009,94475312,Academic,Yes,North,No
9280061068,96526788,Academic,Yes,South,Yes
9376746332,95951020,Community,Yes,West,No
9388019201,93443370,Community,No,West,No
9415888085,91122194,Academic,No,West,Yes
9551748644,90003707,Community,Yes,Central,No
9592136957,91366729,Community,Yes,West,No
9626222431,92903201,Academic,No,South,Yes
9665410474,95425791,Community,No,South,No
9666803655,95464164,Community,No,South,No
9773895212,95023077,Community,No,North,Yes
9872991225,99175087,Academic,Yes,East,No
9887718448,94596790,Community,No,West,Yes
9995156226,95149205,Academic,No,Central,No
9996196318,92331523,Community,No,South,Yes
9996503610,93083832,Community,Yes,Central,No
1001094416,93065097,Academic,Yes,North,No
1022814185,99155280,Academic,No,South,Yes
1068983064,93212723,Community,Yes,East,No
1131279608,91106267,Community,No,West,No
1169707512,94315863,Community,No,South,No
1175010514,95163530,Community,Yes,East,No
1216342975,91492061,Academic,No,Central,No
1250322331,96274128,Academic,Yes,South,No
1310901730,99644187,Community,No,East,No
1327916224,96770905,Community,Yes,Central,No
1347019010,99648055,Community,Yes,West,Yes
1350607213,99791941,Community,Yes,South,Yes
1372017374,90085953,Academic,Yes,West,Yes
1404368840,94579944,Academic,No,East,No
1415504429,92742679,Community,No,Central,No
1427574906,93499483,Academic,Yes,West,Yes
1436146980,92683825,Academic,No,West,Yes
1440623016,90660554,Community,Yes,Central,No
1451569285,95828085,Community,No,North,No
1529074975,91999940,Community,No,North,Yes
1554929143,93396034,Community,No,Central,Yes
1558231184,91319532,Community,Yes,East,No
1560425310,96354326,Community,No,South,Yes
1620175818,99539309,Academic,Yes,West,Yes
1622863762,91959678,Academic,No,South,No
1640656520,90111932,Academic,Yes,West,No
1675814185,90213760,Community,Yes,West,Yes
1684390870,91103412,Academic,Yes,North,No
1718705148,97808796,Community,No,South,No
1778926534,96736531,Community,Yes,South,Yes
1815791824,90881909,Academic,No,South,No
1842462129,90403218,Community,Yes,South,Yes
1849553386,91146511,Community,No,East,No
1870633128,96464320,Community,No,North,Yes
1872884173,96510566,Academic,Yes,South,No
1913096897,91127523,Community,No,Central,Yes
1943315072,96085681,Academic,Yes,West,Yes
2082098796,93586695,Academic,Yes,West,Yes
2095413162,97012244,Academic,Yes,South,No
2099840938,98760296,Academic,Yes,East,No
2101942559,93446686,Academic,No,South,No
2106793125,96165994,Academic,Yes,East,No
2168541239,93746740,Academic,Yes,Central,No
2182139736,99706503,Academic,No,South,Yes
2185758034,91306892,Academic,No,Central,No
2189846031,92526101,Community,Yes,South,No
2223562521,99588055,Community,No,East,No
2270842870,98713890,Community,No,East,Yes
2281261334,91081419,Community,No,South,No
2282649386,98639486,Academic,No,West,No
2355487542,93817281,Community,Yes,West,Yes
2356282627,95770455,Academic,No,West,No
2380546821,91308566,Community,No,West,Yes
2384450685,94109753,Community,No,South,No
2389264002,93846589,Academic,Yes,North,Yes
2414757993,93798650,Academic,No,Central,Yes
2439742704,94615645,Community,No,South,Yes
2470087064,93522883,Academic,Yes,West,No
2488734388,90809722,Community,Yes,West,Yes
2594787356,96096658,Community,No,Central,Yes
2599986728,90736724,Academic,No,North,No
2606579885,91160900,Academic,Yes,North,No
2607784584,97710818,Academic,Yes,Central,Yes
2617706168,96831549,Community,Yes,North,No
2626975133,94085604,Academic,No,Central,Yes
2634854715,94687734,Academic,No,West,No
2655078089,97312544,Academic,Yes,South,Yes
2664045935,90491470,Community,Yes,West,No
2664515017,94130914,Community,No,East,No
2680421077,93986751,Academic,No,West,Yes
2693640600,99856383,Academic,No,West,No
2747245378,98513250,Academic,Yes,Central,Yes
2761577647,99097741,Academic,Yes,North,Yes
2823799955,93271310,Academic,No,West,No
2839850905,91502211,Community,No,Central,No
2857389872,99061143,Community,Yes,East,Yes
2919841875,93329776,Academic,Yes,South,No
2920710764,97526146,Community,No,East,No
2948209574,92443679,Community,No,South,No
2950083248,91405122,Community,No,Central,Yes
2996346181,95090435,Academic,Yes,West,No
3026936270,90498049,Community,Yes,South,No
3107562812,91455693,Community,Yes,West,No
3114605703,93470825,Academic,No,East,No
3154659082,92259060,Academic,Yes,South,No
3176512760,94811897,Academic,Yes,South,No
3240037931,95654061,Community,No,South,No
3258951532,98916878,Academic,Yes,Central,No
3274348349,99879009,Community,No,South,Yes
3286647316,91409008,Academic,No,South,Yes
3287183706,93538180,Academic,No,West,Yes
3295946424,93502540,Academic,No,West,Yes
3338630264,92099672,Academic,No,South,No
3342386515,96561610,Academic,Yes,Central,Yes
3364900526,94229264,Community,No,West,No
3376750947,90919204,Community,No,Central,No
3395237784,95195130,Academic,No,South,No
3417977583,95869368,Community,No,South,Yes
3421285106,94130438,Academic,No,East,No
3441204770,96243547,Community,No,West,No
3454342857,95852802,Community,No,South,Yes
3497055738,92309616,Community,Yes,West,No
3521844386,99812516,Community,No,North,No
3529606006,91392446,Academic,No,West,Yes
3544310070,99469065,Academic,Yes,North,Yes
3591696696,93278750,Community,Yes,South,Yes
3591931597,96687280,Community,Yes,South,Yes
3629438522,97099701,Academic,Yes,West,No
3641101102,90118910,Community,No,West,Yes
3651505504,90479477,Academic,Yes,Central,Yes
3660174457,95932533,Academic,Yes,Central,No
3678849190,96454304,Academic,Yes,East,Yes
3687688398,96738963,Community,No,North,No
3720140393,99013570,Community,No,Central,No
3739761594,98291541,Community,Yes,North,Yes
3804096467,99418907,Academic,No,South,Yes
3809857897,93587905,Community,No,West,Yes
3810379406,95067070,Community,No,South,No
3818710749,94091375,Academic,Yes,South,Yes
3845302231,95554040,Community,Yes,Central,Yes
3857152937,92677892,Academic,No,West,No
3865445872,99112836,Community,No,East,Yes
3871348469,97844417,Community,No,East,No
3882405059,92143504,Academic,No,West,No
3900744033,91402207,Academic,No,South,Yes
3910875616,90276387,Academic,No,Central,No
3928901768,90656975,Academic,Yes,Central,Yes
3934675521,96250883,Community,No,North,No
3969575576,99757271,Community,Yes,West,No
4046105425,99334913,Community,Yes,Central,Yes
4061403355,98199706,Community,No,South,No
4077914511,92183927,Community,No,West,Yes
4088933236,93617681,Academic,No,Central,Yes
4099671703,92708615,Academic,No,North,Yes
4136942054,98217857,Academic,No,South,Yes
4162717328,99154895,Academic,Yes,East,No
4181891284,93534994,Academic,No,North,Yes
4217324724,91116844,Community,No,Central,Yes
4224475626,99407381,Community,No,North,No
4241032548,93919054,Community,No,South,No
4274079058,94928096,Academic,No,Central,No
4280632646,92669095,Community,No,North,No
4282768745,94532765,Community,No,East,No
4292246805,97688283,Academic,No,East,Yes
4308739729,93458859,Academic,No,East,Yes
4336811309,92116979,Academic,No,West,No
4348814534,92639772,Academic,Yes,West,No
4359778453,90943252,Academic,Yes,Central,No
4391894342,92945639,Community,No,North,No
4396939081,99060462,Community,No,Central,No
4401877030,95962708,Academic,Yes,East,Yes
4404162350,96375967,Academic,Yes,North,Yes
4418888474,91816723,Community,No,West,Yes
4424021629,91552247,Academic,No,West,No
4501403346,97400439,Academic,No,North,Yes
4520325963,99190721,Community,Yes,East,Yes
4533769220,95342621,Community,Yes,West,No
4609799955,97095511,Academic,Yes,Central,No
4658299946,99174218,Community,Yes,West,No
4703434778,97373477,Community,Yes,West,No
4742141348,90974579,Community,Yes,South,No
4749568910,93303811,Academic,Yes,North,No
4770198135,98688119,Academic,No,North,No
4788430302,98289804,Community,Yes,Central,Yes
4813545481,97176855,Academic,No,East,No
4833573857,99942329,Community,No,South,No
4838113362,93037506,Community,No,North,No
4853367288,90122312,Community,No,North,Yes
4876320850,90924251,Academic,No,North,No
4911402609,91128619,Community,No,West,No
4933248691,96794277,Academic,No,North,No
4948562931,91378069,Community,Yes,East,Yes
4973623951,95982894,Academic,Yes,West,Yes
4978868100,97879349,Community,Yes,North,Yes
5051236670,91056454,Community,No,South,Yes
5052521964,90065744,Academic,Yes,Central,Yes
5066472738,97395540,Academic,No,North,No
5078281638,96938895,Academic,Yes,Central,Yes
5107699711,99723754,Community,Yes,East,Yes
5110670525,99317229,Community,No,North,No
5141549496,91904153,Community,No,Central,No
5148550180,98933513,Community,No,West,Yes
5150144420,92427023,Academic,No,North,No
5150641791,96690299,Academic,No,North,No
5155580367,96514134,Community,No,West,Yes
5170089974,98845707,Academic,Yes,Central,Yes
5172632301,98853464,Academic,No,West,No
5173769511,98693099,Academic,Yes,East,Yes
5189323253,97664905,Community,No,West,No
5231067324,99683258,Academic,No,Central,Yes
5273360959,93073796,Academic,Yes,Central,Yes
5293452663,91634003,Community,Yes,West,No
5372368471,93522630,Academic,Yes,East,No
5373761588,97814733,Academic,No,North,Yes
5407218909,97376551,Academic,No,West,Yes
5432417020,94184399,Community,Yes,South,No
5438024062,92468651,Community,No,East,No
5520892827,96971066,Community,Yes,East,No
5537003888,97753458,Community,Yes,North,No
5541175191,97390100,Academic,Yes,Central,Yes
5557190946,98946938,Community,Yes,Central,No
5589883468,93324061,Community,No,East,Yes
5592537955,94026992,Academic,Yes,South,No
5611927603,92504943,Community,No,South,No
5647195058,94007593,Community,No,West,Yes
5705358638,99159239,Academic,No,West,Yes
5707529235,92626302,Academic,Yes,North,No
5722257951,92103923,Academic,Yes,South,Yes
5730487725,97601106,Community,No,Central,No
5752424976,93417516,Community,Yes,East,No
5754097996,93599951,Community,No,Central,No
5768426710,94838260,Community,Yes,East,Yes
5771797303,98809193,Academic,Yes,South,Yes
5774475359,94558522,Academic,No,South,Yes
5781404055,94653502,Academic,Yes,West,No
5787737327,92614035,Community,Yes,East,Yes
5810258741,97016724,Community,Yes,West,Yes
5820133435,97856642,Community,No,North,Yes
5843212473,97375669,Academic,Yes,West,No
5879515919,91688988,Academic,No,East,No
5931909165,97129760,Community,Yes,East,Yes
5971993781,93629233,Academic,No,West,No
5982394186,98797939,Community,Yes,West,No
5995551836,96448246,Academic,Yes,Central,No
6013403629,99705462,Academic,No,North,No
6033888750,97560012,Community,Yes,South,Yes
6056790717,97078779,Academic,Yes,West,No
6064822822,97138888,Academic,Yes,South,Yes
6076188050,92541838,Community,No,North,No
6095372827,91908913,Academic,No,South,No
6101399666,98944449,Academic,No,North,Yes
6119438979,92733576,Community,Yes,Central,Yes
6176330643,96657576,Academic,No,North,No
6213709249,91597002,Academic,No,South,No
6213905524,90754706,Academic,Yes,North,Yes
6239084103,92984384,Academic,Yes,North,No
6266290425,95280486,Community,No,Central,No
6281273233,94764111,Academic,No,East,No
6285146068,99521213,Community,No,West,Yes
6296677591,98440077,Community,No,East,Yes
6303872988,94071951,Community,Yes,North,Yes
6320756360,91372085,Community,No,South,Yes
6341727901,99502096,Academic,Yes,Central,No
6345537033,90266933,Academic,No,North,Yes
6383786516,93497236,Community,No,South,Yes
6420365446,98521175,Academic,Yes,South,No
6454220828,91629686,Academic,No,East,Yes
6461738410,91931681,Academic,Yes,South,No
6541377611,90427504,Community,No,East,No
6548911695,96894743,Community,No,South,No
6589498631,91237901,Academic,No,Central,Yes
6610052903,91106676,Academic,No,East,Yes
6644131351,95047531,Community,No,Central,Yes
6648368084,93725586,Community,No,North,Yes
6688485032,95353297,Community,No,West,Yes
6704058746,96120702,Academic,No,North,Yes
6756702454,95929093,Academic,No,West,Yes
6757427456,94659030,Academic,No,East,No
6820423278,98482550,Academic,Yes,North,Yes
6853817619,90538411,Community,No,West,Yes
6870024789,93378890,Community,No,West,No
6873213378,91965770,Academic,No,East,Yes
6880028968,91759574,Academic,Yes,East,No
6896104308,93965171,Academic,No,East,No
6909063856,95280616,Academic,No,Central,No
6915214046,95496763,Academic,Yes,North,Yes
6938640828,96803383,Academic,No,North,No
6940975018,97209731,Academic,Yes,East,No
6978549961,96979633,Community,No,South,Yes
7008817217,98967523,Academic,Yes,West,Yes
7024903305,95437780,Academic,No,Central,No
7026086165,96707589,Academic,No,East,No
7033171209,90076611,Academic,No,East,No
7095131579,90479223,Community,Yes,West,No
7130578419,97299218,Academic,Yes,South,No
7146094642,94140494,Academic,No,West,Yes
7152956280,99704361,Academic,No,North,Yes
7194980738,91240821,Academic,Yes,East,Yes
7213538993,94700269,Community,Yes,North,No
7239917589,98353756,Community,No,East,No
7242164496,92510605,Community,Yes,North,No
7245569779,99645451,Community,Yes,South,No
7262229143,91563973,Academic,No,East,No
7292836770,98852889,Community,Yes,West,Yes
7301913431,99865406,Academic,No,North,Yes
7321662816,90587535,Community,No,Central,Yes
7342376173,95791287,Community,No,West,No
7417352295,91236939,Community,No,West,No
7467872023,95250270,Academic,Yes,Central,No
7485583729,95066571,Community,No,South,Yes
7534439122,91468373,Academic,No,Central,Yes
7550035147,90222633,Community,Yes,East,Yes
7572181910,98110345,Community,Yes,East,Yes
7574048096,90675259,Community,No,North,Yes
7574465138,98429751,Academic,Yes,Central,No
7622943911,90351954,Academic,No,Central,Yes
7633313549,90480237,Academic,No,East,Yes
7643614184,92852374,Academic,No,South,No
7702382799,94298885,Academic,No,South,No
7703397303,93042023,Academic,Yes,North,Yes
7726725695,96876851,Academic,No,Central,Yes
7738374268,91715317,Community,No,West,Yes
7746343323,99778969,Academic,No,Central,No
7748212871,98707101,Academic,Yes,South,No
7783409150,90745485,Community,No,East,No
7825009999,97813747,Community,Yes,North,No
7835800132,96850842,Academic,No,South,No
7856494865,90285973,Community,Yes,Central,Yes
7902456857,94955111,Community,No,West,Yes
7908154011,91191398,Community,No,Central,No
7922972265,92464274,Academic,No,South,Yes
7986388079,91235505,Academic,Yes,Central,Yes
7990880380,97307599,Academic,No,Central,Yes
7998989637,98090498,Community,No,West,No
8008942487,96051047,Academic,No,West,No
8040442934,92481833,Community,Yes,Central,Yes
8047976913,90994090,Academic,Yes,East,Yes
8063277173,97581386,Academic,Yes,West,No
8074643627,97809997,Academic,No,South,No
8104238592,98976256,Community,Yes,West,No
8110451388,97918421,Community,No,North,No
8120434166,93176766,Community,Yes,East,No
8169434595,93061261,Community,Yes,East,No
8212675158,97672825,Academic,Yes,West,Yes
8277630112,91443324,Academic,Yes,South,Yes
8315038763,95902435,Community,No,South,Yes
8342761370,90600608,Academic,Yes,West,Yes
8344485374,95562035,Community,Yes,Central,No
8396049615,91361327,Community,Yes,South,Yes
8428225882,97554750,Academic,No,East,Yes
8440642093,98242572,Academic,No,North,Yes
8466198703,97047732,Academic,Yes,South,No
8516762601,92806742,Community,No,West,No
8517365553,95962666,Academic,Yes,South,Yes
8561811692,96774130,Community,No,North,No
8562443385,99072389,Academic,Yes,Central,Yes
8634763671,91667143,Academic,No,West,No
8652304801,90131045,Community,No,South,No
8668981053,90854935,Community,Yes,Central,Yes
8689198717,98077431,Community,Yes,West,No
8710854127,95636520,Community,No,East,Yes
8714251714,95268454,Community,Yes,North,Yes
8716326323,91728109,Community,No,North,Yes
8734990001,94865242,Academic,Yes,West,Yes
8735469633,98239307,Academic,No,East,Yes
8842806887,95163007,Community,Yes,South,No
8896666694,95732257,Academic,Yes,East,No
8913591313,91976677,Community,No,South,Yes
8960112550,94980761,Academic,No,West,No
8967590147,98071458,Academic,Yes,South,Yes
8971146158,97423173,Community,No,Central,No
8976084157,91168893,Community,Yes,South,Yes
8985191519,95920994,Community,Yes,South,No
9023364223,92281527,Academic,No,West,Yes
9049932732,93531760,Community,No,North,No
9064795256,95764741,Community,Yes,Central,No
9065339316,93570093,Academic,Yes,North,No
9100712337,96584783,Academic,No,West,Yes
9123510107,90643736,Academic,Yes,North,No
9131243770,95176386,Community,No,Central,No
9167251345,92585655,Academic,Yes,East,Yes
9190567827,99667903,Community,Yes,East,Yes
9198460954,95326614,Community,No,South,Yes
9228151403,96925821,Community,No,East,No
9272513452,93820636,Academic,Yes,Central,Yes
9275706119,97294349,Community,Yes,East,Yes
9328793684,95470325,Academic,Yes,North,Yes
9349525745,90644342,Academic,No,Central,Yes
9360245349,97777184,Community,No,South,Yes
9368485742,99264093,Academic,No,East,No
9382261742,97281149,Community,Yes,Central,Yes
9403438001,97009319,Academic,Yes,West,No
9423658696,90131958,Academic,Yes,East,Yes
9461396031,96201914,Academic,Yes,Central,No
9463438868,96339178,Academic,No,South,No
9467197276,99522619,Community,Yes,East,No
9468517720,98876764,Academic,Yes,North,Yes
9506737670,90745009,Academic,No,North,No
9514212681,91068868,Academic,Yes,North,Yes
9520554589,94087956,Academic,Yes,East,Yes
9521677437,96927705,Community,No,North,No
9546575810,90822760,Community,Yes,West,No
9549069151,94505723,Academic,Yes,South,Yes
9554511059,92483700,Community,No,North,No
9620455439,95646889,Community,Yes,Central,No
9668364416,99182684,Community,Yes,Central,No
9678129082,97756580,Academic,No,North,Yes
9757573812,95956605,Community,No,West,Yes
9785344160,96306672,Community,No,West,Yes
9821582445,98405095,Academic,No,West,No
9834599992,99645759,Academic,No,Central,Yes
9853552269,93461760,Academic,No,North,Yes
9873218301,93998801,Community,Yes,South,Yes
9874127793,92281781,Community,No,Central,No
9886180005,98208118,Academic,No,East,Yes
9950509233,93201056,Community,Yes,West,No
9988889896,90415400,Academic,No,South,No